Year,State,CO2,Energy,EnergyPrice,GDP
1997,Alabama,134.1,1956297,17490,144501.2
1998,Alabama,133.5,1997696,17490,149568.2
1999,Alabama,135.85,2040647,17490,154900.2
2000,Alabama,142.3,2093922,17490,157221.3
2001,Alabama,133.31,1898857,17490,156853.2
2002,Alabama,138.3,1960152,17490,160422.4
2003,Alabama,139.8,1952741,17490,165134.7
2004,Alabama,142,2065880,17490,176625
2005,Alabama,143.5,2065572,17490,184369.5
2006,Alabama,145.8,2083658,17490,187270.8
2007,Alabama,147.3,2086092,17490,189002.5
2008,Alabama,139.4,2002980,17490,186946.7
2009,Alabama,119.8,1800096,17490,180707.2
2010,Alabama,132.5,1942188,17490,184702.4
2011,Alabama,129.5,1917001,17490,187605.8
2012,Alabama,122.6,1890836,17490,189245.5
2013,Alabama,120.5,1931830,17490,191369.8
2014,Alabama,122.6,1967782,17490,189886.3
2015,Alabama,119.2,1917138,17490,191335.2
2016,Alabama,114,1922727,17490,194283.8
2017,Alabama,108.6,1904206,17490,196974.9
2018,Alabama,112.4,1956413,17490,200372.6
2019,Alabama,106.3,1926332,17490,203432.7
1997,Alaska,41.2,708741,20250,42211.3
1998,Alaska,42.2,723206,20250,41095.9
1999,Alaska,42.86,725331,20250,40590.5
2000,Alaska,43.6,742061,20250,39406.6
2001,Alaska,42.55,735745,20250,40958.7
2002,Alaska,42.7,732909,20250,42979
2003,Alaska,42.9,733471,20250,42355.3
2004,Alaska,46.2,775019,20250,44055
2005,Alaska,47.5,797723,20250,45657.1
2006,Alaska,45.4,746457,20250,49190.2
2007,Alaska,43.7,723227,20250,51721
2008,Alaska,39.1,650500,20250,51252.1
2009,Alaska,37.3,639557,20250,56215.1
2010,Alaska,37.1,639266,20250,54601.5
2011,Alaska,37.1,641027,20250,55280.3
2012,Alaska,36.2,631311,20250,58283.6
2013,Alaska,34,597944,20250,55354.3
2014,Alaska,33.9,596523,20250,54188.2
2015,Alaska,35,614242,20250,54740.8
2016,Alaska,33.4,593662,20250,54246.6
2017,Alaska,33.7,601492,20250,54278.7
2018,Alaska,34.5,604644,20250,53327
2019,Alaska,34.3,605689,20250,53433.8
1997,Arizona,71.7,1187416,21780,168408.8
1998,Arizona,76.7,1240977,21780,183060.5
1999,Arizona,80.63,1285004,21780,198699.9
2000,Arizona,86.6,1332442,21780,208439.5
2001,Arizona,88.85,1341726,21780,213166.2
2002,Arizona,88.3,1334303,21780,220696.7
2003,Arizona,90.5,1354531,21780,234065.9
2004,Arizona,97.3,1404380,21780,244317.3
2005,Arizona,97.3,1443203,21780,262326
2006,Arizona,100.5,1491846,21780,274179.4
2007,Arizona,102.4,1498164,21780,283250.7
2008,Arizona,102.6,1465564,21780,280810.1
2009,Arizona,93.9,1380064,21780,257498.5
2010,Arizona,99.5,1434861,21780,260307.1
2011,Arizona,97.7,1476752,21780,266101.5
2012,Arizona,95.5,1445431,21780,271440
2013,Arizona,99.3,1464044,21780,273481.9
2014,Arizona,97.3,1473676,21780,276948.9
2015,Arizona,95,1495858,21780,282577
2016,Arizona,90.9,1524720,21780,291275.2
2017,Arizona,90.5,1531479,21780,303606.1
2018,Arizona,94.1,1542208,21780,314827.5
2019,Arizona,92.5,1556416,21780,325395.3
1997,Arkansas,59.1,1061415,16760,82571.3
1998,Arkansas,60.5,1081796,16760,84570.8
1999,Arkansas,62.73,1100812,16760,89115.2
2000,Arkansas,63.3,1141593,16760,89871.7
2001,Arkansas,62.49,1096056,16760,89789
2002,Arkansas,61.2,1118366,16760,92950.5
2003,Arkansas,62.2,1100644,16760,96944.5
2004,Arkansas,62.5,1091797,16760,101733.6
2005,Arkansas,60.2,1116515,16760,105980
2006,Arkansas,62.1,1113117,16760,108460.6
2007,Arkansas,63.4,1128983,16760,107606.1
2008,Arkansas,64.2,1110210,16760,106536.5
2009,Arkansas,61.5,1041617,16760,102996.6
2010,Arkansas,66.1,1129224,16760,105662
2011,Arkansas,67.5,1131026,16760,107932.5
2012,Arkansas,66.3,1075271,16760,108492.1
2013,Arkansas,68.5,1106095,16760,110752.4
2014,Arkansas,68.9,1121935,16760,111734.5
2015,Arkansas,59.1,1062359,16760,112351
2016,Arkansas,62.1,1053706,16760,112798.1
2017,Arkansas,64.2,1057701,16760,113850.2
2018,Arkansas,70.8,1116757,16760,115885.2
2019,Arkansas,65.1,1096477,16760,117126.2
1997,California,352.5867688,7528267,20660,1378276.5
1998,California,362.6223325,7806390,20660,1468730.8
1999,California,366.1114277,7801882,20660,1574305.9
2000,California,382.2603586,7893262,20660,1696172.4
2001,California,385.5327864,7918586,20660,1692324.1
2002,California,384.4243197,7963303,20660,1722522.4
2003,California,374.6078211,7848513,20660,1789998.5
2004,California,392.6317543,8216796,20660,1850904.5
2005,California,389.5521105,8151775,20660,1926842.1
2006,California,397.7615709,8247048,20660,2002437.4
2007,California,402.5589114,8260963,20660,2041192.2
2008,California,384.0051,8075631,20660,2061638.8
2009,California,370.3333764,7775285,20660,1995439.7
2010,California,356.5880901,7651772,20660,2036015
2011,California,342.6512879,7651650,20660,2063827.5
2012,California,348.7456439,7446386,20660,2113096.4
2013,California,349.7060253,7532398,20660,2179229
2014,California,345.3766022,7445975,20660,2256054.7
2015,California,351.408516,7525491,20660,2357452.9
2016,California,353.4191517,7647955,20660,2427894.6
2017,California,356.4953861,7766193,20660,2538204
2018,California,358.5947178,7865156,20660,2644061.2
2019,California,358.1643733,7790111,20660,2729225.8
1997,Colorado,76.14109017,1138201,17240,184185.3
1998,Colorado,78.41639448,1184705,17240,200679.7
1999,Colorado,80.46567363,1206092,17240,215294.6
2000,Colorado,85.51729295,1268642,17240,231589.8
2001,Colorado,93.2925915,1369867,17240,234979.4
2002,Colorado,91.60688074,1370536,17240,235417.3
2003,Colorado,90.99494499,1372163,17240,237782.3
2004,Colorado,93.54291173,1399562,17240,240747.6
2005,Colorado,95.74352317,1435704,17240,251558.4
2006,Colorado,96.61764496,1451337,17240,257430.2
2007,Colorado,99.33900791,1483849,17240,266887.5
2008,Colorado,97.38610697,1487480,17240,270981.4
2009,Colorado,93.32266789,1465495,17240,264966.3
2010,Colorado,95.88728077,1517105,17240,267858.9
2011,Colorado,92.50555884,1478527,17240,271700.6
2012,Colorado,91.206979,1446115,17240,276823.1
2013,Colorado,92.13721179,1478113,17240,286259.1
2014,Colorado,92.77203103,1494023,17240,298655.3
2015,Colorado,91.30387161,1501006,17240,312409.7
2016,Colorado,88.43397452,1470307,17240,318953.4
2017,Colorado,88.77204752,1477307,17240,329913.3
2018,Colorado,90.06168948,1527222,17240,342733.2
2019,Colorado,91.72734664,1566652,17240,358438.5
1997,Connecticut,42.31413422,811129,25630,190518.9
1998,Connecticut,39.91368636,791157,25630,196391.1
1999,Connecticut,41.17101301,834267,25630,202351.7
2000,Connecticut,42.75012449,844550,25630,216157.6
2001,Connecticut,41.56461698,829136,25630,218135.3
2002,Connecticut,40.04384936,815224,25630,216677.7
2003,Connecticut,42.96284874,894334,25630,219186
2004,Connecticut,44.71446935,907100,25630,233426.5
2005,Connecticut,43.90045495,875720,25630,238549.5
2006,Connecticut,40.91329121,819794,25630,248233.8
2007,Connecticut,40.12833699,842124,25630,257953
2008,Connecticut,37.65258409,774606,25630,257756
2009,Connecticut,35.95734066,766475,25630,244894.7
2010,Connecticut,36.44101452,769858,25630,244354.7
2011,Connecticut,35.03508454,743515,25630,238542.4
2012,Connecticut,34.26813321,728294,25630,240911.9
2013,Connecticut,34.6493926,747012,25630,236050.6
2014,Connecticut,34.97951876,751740,25630,235780.9
2015,Connecticut,36.32904924,756746,25630,242706.5
2016,Connecticut,34.1016231,724686,25630,243286.7
2017,Connecticut,33.85397332,728349,25630,247035.9
2018,Connecticut,37.38424068,756159,25630,249074.8
2019,Connecticut,36.63166173,735517,25630,251568.2
1997,Delaware,16.84753758,274786,22950,45980.1
1998,Delaware,16.19549304,272892,22950,50434.3
1999,Delaware,16.40091868,286222,22950,54236.7
2000,Delaware,16.67926403,305696,22950,56550.2
2001,Delaware,15.99530797,292032,22950,58372.7
2002,Delaware,15.88207705,308594,22950,56534.5
2003,Delaware,16.6083584,303733,22950,57300
2004,Delaware,16.61809294,289192,22950,60069.9
2005,Delaware,17.40244499,299826,22950,59335.1
2006,Delaware,16.23582969,287818,22950,60624.3
2007,Delaware,17.1166682,293726,22950,60477.9
2008,Delaware,16.17951012,291507,22950,58655.7
2009,Delaware,11.92158659,259461,22950,61517.7
2010,Delaware,13.07915648,266384,22950,60577.2
2011,Delaware,13.86588203,285699,22950,62919.3
2012,Delaware,14.58600134,283571,22950,62354.6
2013,Delaware,14.03560903,280901,22950,60235.8
2014,Delaware,13.77629089,281002,22950,64940.1
2015,Delaware,13.9053954,284672,22950,66793.5
2016,Delaware,14.42147713,280937,22950,63001.3
2017,Delaware,13.76647699,280044,22950,60357.5
2018,Delaware,13.98931001,300567,22950,61425.1
2019,Delaware,13.58957516,298616,22950,64143.5
1997,District of Columbia,4.255311904,191093,26190,79827.7
1998,District of Columbia,4.065811075,186974,26190,81214.4
1999,District of Columbia,4.143338486,191690,26190,84756.2
2000,District of Columbia,4.312927694,198048,26190,85355.9
2001,District of Columbia,4.082702536,193476,26190,88440.7
2002,District of Columbia,4.186318466,197752,26190,91141.5
2003,District of Columbia,3.953150452,193758,26190,92921
2004,District of Columbia,4.020628554,201418,26190,97463.5
2005,District of Columbia,3.932855456,200935,26190,99480.7
2006,District of Columbia,3.188978642,186423,26190,99805.5
2007,District of Columbia,3.38109497,194926,26190,102738.7
2008,District of Columbia,3.080918182,184106,26190,106768.9
2009,District of Columbia,3.178572006,186486,26190,105893.9
2010,District of Columbia,3.222491888,190379,26190,109986.5
2011,District of Columbia,3.090670022,183655,26190,111646.5
2012,District of Columbia,2.649875886,172794,26190,112157
2013,District of Columbia,2.823474756,174800,26190,112332.4
2014,District of Columbia,3.012816405,179278,26190,114553.6
2015,District of Columbia,2.956880797,178222,26190,116808.4
2016,District of Columbia,2.758229599,174553,26190,119644.3
2017,District of Columbia,2.58511615,166877,26190,120759.4
2018,District of Columbia,2.856068276,174538,26190,123680.5
2019,District of Columbia,2.807513641,167397,26190,124597.2
1997,Florida,217.8100638,3726429,21660,559805.3
1998,Florida,230.3297606,3859240,21660,587970.7
1999,Florida,229.8251661,3922071,21660,615238.2
2000,Florida,239.0586817,4076022,21660,642708.2
2001,Florida,237.3740048,4060590,21660,660659.5
2002,Florida,241.1661347,4177962,21660,689974
2003,Florida,246.5222743,4195567,21660,722374.5
2004,Florida,257.1198719,4347432,21660,769140.5
2005,Florida,260.0192858,4419873,21660,815755.8
2006,Florida,259.0610068,4472498,21660,839963.8
2007,Florida,256.7037588,4417304,21660,850048.6
2008,Florida,238.5276299,4264867,21660,816070.2
2009,Florida,224.6940789,4115280,21660,769061.1
2010,Florida,245.4611989,4319171,21660,775039.5
2011,Florida,232.4283961,4171410,21660,772021.3
2012,Florida,226.9741783,4070225,21660,778545
2013,Florida,226.9815411,4130115,21660,794842.1
2014,Florida,233.0301857,4173314,21660,817233.5
2015,Florida,237.3833592,4324701,21660,852242.4
2016,Florida,238.8697835,4362567,21660,881539.2
2017,Florida,238.4169632,4345055,21660,912687.4
2018,Florida,242.0091133,4441047,21660,941626.7
2019,Florida,233.5527795,4371666,21660,965672.5
1997,Georgia,157.123737,2744916,17960,328118.7
1998,Georgia,158.3801759,2783049,17960,352472.3
1999,Georgia,161.0030911,2803980,17960,377127.4
2000,Georgia,169.6790198,2920928,17960,389727.3
2001,Georgia,161.6013318,2818753,17960,394317.3
2002,Georgia,166.6153028,2936048,17960,399413.4
2003,Georgia,170.4504783,2956845,17960,411685.6
2004,Georgia,175.3264976,3097207,17960,428555.2
2005,Georgia,185.6061627,3110770,17960,447152.9
2006,Georgia,182.9372063,3087831,17960,453032.1
2007,Georgia,185.5912022,3078378,17960,455904
2008,Georgia,172.6196109,2946558,17960,445764.6
2009,Georgia,163.0422909,2913909,17960,428740.7
2010,Georgia,175.2005306,3147631,17960,433727.2
2011,Georgia,160.0244578,3034665,17960,441626.7
2012,Georgia,141.6413538,2847777,17960,447764.7
2013,Georgia,142.908504,2907929,17960,454908.9
2014,Georgia,148.0928634,2977977,17960,470009.7
2015,Georgia,145.6756383,2978591,17960,489182.3
2016,Georgia,144.5575739,2951822,17960,506816.2
2017,Georgia,141.8260181,2925877,17960,523805.3
2018,Georgia,141.9209237,3003699,17960,538604.6
2019,Georgia,136.4670209,2955875,17960,557364.4
1997,Hawaii,18.68983986,273483,30750,55804.2
1998,Hawaii,18.70366869,273388,30750,54404.8
1999,Hawaii,18.41366153,269352,30750,54852.1
2000,Hawaii,18.72652008,273307,30750,55891.1
2001,Hawaii,19.1699665,270122,30750,55678.5
2002,Hawaii,20.43761289,284663,30750,56990.8
2003,Hawaii,21.50252803,300914,30750,59978.8
2004,Hawaii,22.45650838,314720,30750,63318.1
2005,Hawaii,23.03811605,324737,30750,67123.9
2006,Hawaii,23.23378733,327288,30750,68759.3
2007,Hawaii,23.99542394,337829,30750,70080.4
2008,Hawaii,19.26487588,276654,30750,70460.8
2009,Hawaii,18.81466175,275928,30750,67927.5
2010,Hawaii,20.41811675,297556,30750,69628.1
2011,Hawaii,20.62553277,302550,30750,70646.6
2012,Hawaii,20.29398525,297399,30750,71905.3
2013,Hawaii,20.14697013,301914,30750,73063.2
2014,Hawaii,19.57801184,295244,30750,73512.4
2015,Hawaii,19.7810368,298992,30750,75869.5
2016,Hawaii,19.82040934,300390,30750,77303.9
2017,Hawaii,20.43157876,308376,30750,78947.4
2018,Hawaii,20.30121291,306342,30750,79845.3
2019,Hawaii,20.51554679,307764,30750,79213.4
1997,Idaho,13.77898148,504020,16680,36997.4
1998,Idaho,14.00441636,507513,16680,38795.3
1999,Idaho,14.89903955,533204,16680,42510.4
2000,Idaho,15.69203617,544380,16680,47295.4
2001,Idaho,15.57689102,503420,16680,46084.5
2002,Idaho,15.01119914,498672,16680,47056.8
2003,Idaho,14.48761642,471950,16680,48593.7
2004,Idaho,15.68342157,503534,16680,51815.1
2005,Idaho,15.79125427,514313,16680,56043
2006,Idaho,15.83401255,526508,16680,57613.7
2007,Idaho,16.30899581,541391,16680,58670.9
2008,Idaho,15.50402264,537298,16680,60309.5
2009,Idaho,15.17081572,502530,16680,57327.9
2010,Idaho,16.25691577,523118,16680,58281.8
2011,Idaho,15.95832814,521106,16680,58226.2
2012,Idaho,15.77010394,514005,16680,58323.9
2013,Idaho,17.24200062,530443,16680,60631.2
2014,Idaho,16.84891284,525029,16680,62454
2015,Idaho,18.03591394,540252,16680,63081.2
2016,Idaho,18.34506459,540164,16680,65479
2017,Idaho,18.70029139,557104,16680,66941
2018,Idaho,19.04276093,556467,16680,70857.3
2019,Idaho,20.08591692,565998,16680,74162.6
1997,Illinois,225.5922835,3944364,17170,576730.2
1998,Illinois,217.1133505,3856607,17170,595615.8
1999,Illinois,226.9341991,4024012,17170,618148.4
2000,Illinois,234.9202488,4029159,17170,640723.4
2001,Illinois,225.1139375,3905501,17170,642292.5
2002,Illinois,227.4506181,3920040,17170,647517.8
2003,Illinois,231.3962103,3945575,17170,658317.3
2004,Illinois,237.7927568,3993441,17170,676805.9
2005,Illinois,244.4282644,4140657,17170,687706.6
2006,Illinois,236.4664306,3991825,17170,704827.6
2007,Illinois,243.9713257,4081337,17170,712619.8
2008,Illinois,242.2479373,4083964,17170,706616.5
2009,Illinois,227.2171081,3859236,17170,688161
2010,Illinois,233.2913108,3981181,17170,698179.6
2011,Illinois,232.0824962,3965357,17170,711283.4
2012,Illinois,219.0162725,3841698,17170,726399.1
2013,Illinois,233.6277902,4007352,17170,726125
2014,Illinois,236.7316159,4085398,17170,741194
2015,Illinois,219.157681,3920125,17170,751754.9
2016,Illinois,207.4505726,3925630,17170,749333.5
2017,Illinois,205.9638333,3890442,17170,753027
2018,Illinois,213.1001319,4017644,17170,771695.5
2019,Illinois,203.43232,3951620,17170,775998.1
1997,Indiana,217.9742092,2683207,14750,231713.9
1998,Indiana,219.7213439,2672890,14750,245675.7
1999,Indiana,226.4660758,2783212,14750,254089.2
2000,Indiana,239.7299924,2867279,14750,264121.7
2001,Indiana,230.3077176,2770456,14750,259474.8
2002,Indiana,233.2939006,2856081,14750,265345.1
2003,Indiana,239.7211837,2937199,14750,277151.6
2004,Indiana,240.0672484,2930253,14750,287655.9
2005,Indiana,238.6016158,2924177,14750,290328.2
2006,Indiana,236.7041378,2859709,14750,296112.7
2007,Indiana,235.9760915,2958525,14750,304085.7
2008,Indiana,231.6667769,2917143,14750,300962.6
2009,Indiana,209.0910113,2712923,14750,279520.7
2010,Indiana,218.3682112,2852101,14750,297517.3
2011,Indiana,209.7717456,2823793,14750,299064.5
2012,Indiana,195.4396336,2740941,14750,300513.9
2013,Indiana,200.0598656,2870800,14750,307279.1
2014,Indiana,205.7759497,2910530,14750,316783.1
2015,Indiana,187.2335142,2826490,14750,313751.2
2016,Indiana,181.8406979,2777075,14750,319601.5
2017,Indiana,175.8826289,2674436,14750,324997.6
2018,Indiana,189.2161684,2806168,14750,336327.1
2019,Indiana,176.1079655,2779091,14750,337902.2
1997,Iowa,74.24499609,1139792,15460,113289.8
1998,Iowa,77.18199175,1148872,15460,114087.4
1999,Iowa,78.14834774,1199639,15460,116523
2000,Iowa,79.40863494,1196131,15460,121924.2
2001,Iowa,78.23873218,1167631,15460,120449.8
2002,Iowa,78.81842394,1197176,15460,123298.2
2003,Iowa,78.90961106,1192800,15460,128962.3
2004,Iowa,80.0392293,1247169,15460,139978.1
2005,Iowa,80.0755576,1278342,15460,144577.3
2006,Iowa,81.3222317,1303065,15460,146555.3
2007,Iowa,87.04325889,1378607,15460,152861.8
2008,Iowa,90.31871935,1441784,15460,149881.4
2009,Iowa,85.42791404,1448521,15460,146182.8
2010,Iowa,90.28316519,1498067,15460,150148.4
2011,Iowa,87.25732738,1507153,15460,152435.2
2012,Iowa,81.39328754,1439121,15460,158538.4
2013,Iowa,82.37461262,1522015,15460,158480.8
2014,Iowa,83.43675811,1540439,15460,166619.2
2015,Iowa,77.41573961,1507520,15460,171126.5
2016,Iowa,73.99042933,1534622,15460,170389.1
2017,Iowa,76.29811583,1572298,15460,170887.5
2018,Iowa,82.42756253,1633531,15460,173547.7
2019,Iowa,77.29621466,1645247,15460,173722
1997,Kansas,71.22225244,1101174,17720,104575
1998,Kansas,70.11161295,1088848,17720,108183.6
1999,Kansas,73.27549742,1108311,17720,111005.5
2000,Kansas,75.81527,1116109,17720,114030.5
2001,Kansas,71.82563252,1063914,17720,114327.7
2002,Kansas,76.33955953,1099484,17720,116195
2003,Kansas,78.82597713,1140145,17720,118192.5
2004,Kansas,76.61687402,1121296,17720,119391.6
2005,Kansas,73.08466024,1067023,17720,123949.8
2006,Kansas,72.85211191,1095718,17720,130364.5
2007,Kansas,79.04882173,1157469,17720,137093.6
2008,Kansas,75.00414628,1119535,17720,139536.8
2009,Kansas,73.21396884,1088231,17720,134227
2010,Kansas,72.62262978,1109761,17720,135723.2
2011,Kansas,70.70432643,1097062,17720,139579.4
2012,Kansas,66.06927976,1067837,17720,141818.2
2013,Kansas,69.76223468,1096241,17720,141723.4
2014,Kansas,70.34409537,1133375,17720,145344.1
2015,Kansas,64.51256023,1101677,17720,148810.5
2016,Kansas,62.61503773,1092806,17720,153695.3
2017,Kansas,59.02758843,1075697,17720,155514.7
2018,Kansas,62.85277614,1136232,17720,158734.4
2019,Kansas,60.4526702,1129559,17720,159826.2
1997,Kentucky,142.9529553,1767765,16890,146522.8
1998,Kentucky,141.4203138,1725018,16890,150774.4
1999,Kentucky,146.2281569,1815367,16890,155611.5
2000,Kentucky,147.0833212,1802618,16890,151495.1
2001,Kentucky,151.0345286,1832560,16890,151834.3
2002,Kentucky,151.3440277,1989605,16890,155643.9
2003,Kentucky,147.7825229,1923756,16890,159990.8
2004,Kentucky,154.4983272,1998031,16890,164650.2
2005,Kentucky,156.3079869,2018197,16890,171180.3
2006,Kentucky,158.7169876,2009346,16890,175657.7
2007,Kentucky,158.4815828,2044160,16890,174407.3
2008,Kentucky,155.7982168,2008086,16890,173810.1
2009,Kentucky,146.0188362,1930522,16890,166704.2
2010,Kentucky,152.9381057,2002994,16890,173780.1
2011,Kentucky,151.1911387,1934144,16890,175745.3
2012,Kentucky,140.6280185,1900198,16890,178143.7
2013,Kentucky,139.69437,1841392,16890,181505.9
2014,Kentucky,140.3595978,1779652,16890,181471.8
2015,Kentucky,131.3429697,1730308,16890,182916
2016,Kentucky,126.8173843,1704124,16890,184115
2017,Kentucky,116.7764837,1662333,16890,185920.6
2018,Kentucky,122.771335,1744818,16890,187926.6
2019,Kentucky,115.3817286,1723238,16890,192971.9
1997,Louisiana,221.3578893,4328538,14730,200862.9
1998,Louisiana,208.1925602,4047864,14730,207611.6
1999,Louisiana,206.4681696,4026488,14730,211952.5
2000,Louisiana,220.6048888,4330579,14730,205722.6
2001,Louisiana,198.7012271,3823437,14730,208617.8
2002,Louisiana,204.5743412,3958145,14730,213079.4
2003,Louisiana,201.5947992,3809616,14730,221774.4
2004,Louisiana,207.8701152,4011693,14730,232712.8
2005,Louisiana,201.9308478,3854682,14730,247773.2
2006,Louisiana,210.0722916,4026180,14730,245500.2
2007,Louisiana,210.6224989,4286897,14730,230367.7
2008,Louisiana,204.1051968,4228087,14730,232150.7
2009,Louisiana,193.4619781,4035500,14730,236411
2010,Louisiana,203.5418475,4124890,14730,246836.2
2011,Louisiana,207.9374748,4137755,14730,234975.7
2012,Louisiana,197.1222628,4007580,14730,235384.7
2013,Louisiana,188.9980465,3919352,14730,228452.8
2014,Louisiana,186.3409541,3940900,14730,235355.1
2015,Louisiana,185.5592561,3911919,14730,233016
2016,Louisiana,189.1492037,4030644,14730,228428.5
2017,Louisiana,193.3671007,4208312,14730,233351.7
2018,Louisiana,194.74322,4245610,14730,237298.3
2019,Louisiana,194.892652,4282045,14730,237044.6
1997,Maine,19.58050362,443177,18780,42942.2
1998,Maine,19.25493988,418462,18780,44140.2
1999,Maine,20.23289026,430397,18780,46351.4
2000,Maine,22.24823801,463343,18780,48490.2
2001,Maine,22.382354,426028,18780,49471
2002,Maine,23.88887619,430762,18780,50910.4
2003,Maine,23.78282904,430431,18780,52209.8
2004,Maine,24.06916945,443142,18780,54256
2005,Maine,23.07459334,447801,18780,54926.9
2006,Maine,21.22919742,427755,18780,55448.4
2007,Maine,20.90118836,450333,18780,55359.9
2008,Maine,19.01866111,455348,18780,54653.9
2009,Maine,18.32921149,413101,18780,53630.1
2010,Maine,17.75322791,418057,18780,54305
2011,Maine,17.30779359,418075,18780,53789
2012,Maine,15.62121564,401652,18780,53679.7
2013,Maine,16.36714476,414233,18780,53239.1
2014,Maine,16.44369747,415034,18780,54037.9
2015,Maine,16.67908857,424754,18780,54425.8
2016,Maine,16.15639922,392025,18780,55565.4
2017,Maine,15.37339225,384730,18780,56469.4
2018,Maine,14.76307256,388172,18780,58099.9
2019,Maine,14.42640502,384261,18780,59553.4
1997,Maryland,72.78185772,1386411,22480,221211.6
1998,Maryland,76.02222985,1384577,22480,231806.4
1999,Maryland,78.61001263,1425265,22480,240946.2
2000,Maryland,78.50060316,1459886,22480,250771.7
2001,Maryland,79.01529774,1451217,22480,261532.9
2002,Maryland,79.07407225,1539539,22480,270468.4
2003,Maryland,82.19011023,1590449,22480,278332
2004,Maryland,83.40654723,1570234,22480,290284.6
2005,Maryland,85.00079676,1596813,22480,301660.6
2006,Maryland,78.16028837,1482302,22480,305794.1
2007,Maryland,78.49167581,1505960,22480,306755.8
2008,Maryland,74.55905843,1466522,22480,314757.6
2009,Maryland,71.38949906,1455447,22480,311342.2
2010,Maryland,71.40090241,1486516,22480,325369.7
2011,Maryland,66.88483698,1433203,22480,332437.2
2012,Maryland,62.36609034,1392311,22480,332523.5
2013,Maryland,61.62557858,1414768,22480,334268.9
2014,Maryland,64.23032127,1426361,22480,339604.6
2015,Maryland,62.28032684,1424201,22480,348151.8
2016,Maryland,60.47886856,1386648,22480,360082
2017,Maryland,55.03679704,1346703,22480,366204.4
2018,Maryland,61.68531518,1391698,22480,367977.4
2019,Maryland,56.87149823,1355227,22480,368056.4
1997,Massachusetts,85.18168103,1456923,23320,302724.1
1998,Massachusetts,83.10012417,1428048,23320,315040.3
1999,Massachusetts,80.75669491,1450437,23320,331602.3
2000,Massachusetts,82.29793126,1535714,23320,358121.5
2001,Massachusetts,81.98563425,1516970,23320,362663.8
2002,Massachusetts,82.9557212,1533531,23320,362581.6
2003,Massachusetts,84.8269748,1499089,23320,369007.4
2004,Massachusetts,82.94882363,1498064,23320,379086.1
2005,Massachusetts,84.36478438,1503545,23320,386803.5
2006,Massachusetts,76.56997597,1432789,23320,395535.8
2007,Massachusetts,79.87935777,1458180,23320,406421.2
2008,Massachusetts,76.66604058,1435841,23320,414919.9
2009,Massachusetts,70.39215209,1375648,23320,407219.6
2010,Massachusetts,72.79140218,1431293,23320,425792.7
2011,Massachusetts,68.76664955,1409491,23320,434494.5
2012,Massachusetts,62.48723602,1374629,23320,442916.9
2013,Massachusetts,66.51531968,1442675,23320,444874
2014,Massachusetts,64.93983313,1452646,23320,451568.9
2015,Massachusetts,66.74652168,1468270,23320,468060.9
2016,Massachusetts,64.10130791,1426034,23320,475349
2017,Massachusetts,64.70775284,1431083,23320,482808.4
2018,Massachusetts,64.10739497,1469311,23320,501541.5
2019,Massachusetts,63.32557454,1464995,23320,514170.8
1997,Michigan,191.8785888,3106640,18220,396974.5
1998,Michigan,191.1054212,3058629,18220,406051.6
1999,Michigan,198.995244,3227372,18220,429936.2
2000,Michigan,194.5550517,3225008,18220,438463.8
2001,Michigan,189.5472439,3104288,18220,425103.2
2002,Michigan,188.8146238,3161372,18220,436802.2
2003,Michigan,187.0658612,3202233,18220,443652.2
2004,Michigan,188.9016223,3164951,18220,448888.3
2005,Michigan,190.1207895,3215169,18220,457137.7
2006,Michigan,179.3054181,3046605,18220,449853.5
2007,Michigan,182.0137162,3022749,18220,446943.2
2008,Michigan,175.4664632,2915379,18220,420974
2009,Michigan,164.7578651,2690321,18220,383140.1
2010,Michigan,167.5209712,2780081,18220,404216.9
2011,Michigan,162.498111,2818540,18220,414834.4
2012,Michigan,155.4410316,2714846,18220,422691.2
2013,Michigan,164.0277504,2865514,18220,428737.6
2014,Michigan,163.9568139,2909764,18220,434313.2
2015,Michigan,164.4556231,2826679,18220,443831.2
2016,Michigan,154.5385657,2806190,18220,452325.2
2017,Michigan,155.6748474,2798055,18220,457614
2018,Michigan,163.7174435,2911393,18220,466559.4
2019,Michigan,159.2399805,2880159,18220,467107
1997,Minnesota,91.70013628,1653900,16820,212378.4
1998,Minnesota,91.76878855,1624327,16820,223654.5
1999,Minnesota,92.5903445,1700106,16820,232068.1
2000,Minnesota,98.13196348,1749107,16820,247802.6
2001,Minnesota,94.90281082,1720944,16820,247599.4
2002,Minnesota,97.27669566,1785661,16820,253478.4
2003,Minnesota,101.9231434,1863727,16820,264165.9
2004,Minnesota,100.812834,1863445,16820,275560.1
2005,Minnesota,101.8069491,1871804,16820,284636.9
2006,Minnesota,99.12642784,1843501,16820,284382
2007,Minnesota,100.6332992,1896785,16820,286299.2
2008,Minnesota,100.0054265,1913254,16820,288420.6
2009,Minnesota,92.20670036,1786177,16820,277494.1
2010,Minnesota,91.88398375,1855906,16820,287140.1
2011,Minnesota,91.40108495,1849741,16820,293783.2
2012,Minnesota,86.44445313,1812150,16820,298328.3
2013,Minnesota,90.82195033,1885718,16820,305486.4
2014,Minnesota,95.8859447,1939400,16820,314091.3
2015,Minnesota,89.33099915,1813635,16820,318913.2
2016,Minnesota,91.11143691,1838918,16820,324030.3
2017,Minnesota,91.27131778,1862210,16820,327483.2
2018,Minnesota,94.75605009,1940174,16820,336892.2
2019,Minnesota,92.08969013,1900531,16820,340557.1
1997,Mississippi,55.79273233,1148411,17630,83153.1
1998,Mississippi,56.64127054,1141236,17630,85193.8
1999,Mississippi,61.45617947,1238413,17630,87638
2000,Mississippi,61.35958451,1245835,17630,88077.5
2001,Mississippi,69.7911155,1132667,17630,87309.5
2002,Mississippi,62.57353151,1174307,17630,88569.4
2003,Mississippi,64.13852891,1206235,17630,92354.7
2004,Mississippi,65.72512651,1209335,17630,94482.6
2005,Mississippi,64.00003554,1175656,17630,96820.7
2006,Mississippi,66.21544598,1211461,17630,99005.8
2007,Mississippi,68.32284469,1225189,17630,100211.8
2008,Mississippi,64.7430123,1166061,17630,101777.6
2009,Mississippi,60.65827247,1111703,17630,98000.6
2010,Mississippi,63.68021836,1153755,17630,98601.1
2011,Mississippi,58.55931853,1128520,17630,98515.8
2012,Mississippi,60.12811203,1112821,17630,100448.4
2013,Mississippi,57.07913063,1090777,17630,100331.2
2014,Mississippi,59.77984647,1102445,17630,100283.6
2015,Mississippi,61.29692129,1085042,17630,100482.4
2016,Mississippi,62.32189221,1071689,17630,101255.3
2017,Mississippi,60.45839057,1068298,17630,101245.3
2018,Mississippi,63.23252555,1105822,17630,100872.7
2019,Mississippi,62.54458802,1093230,17630,100982.8
1997,Missouri,125.9596456,1802761,18540,227796.8
1998,Missouri,131.0104062,1849558,18540,231693.3
1999,Missouri,131.6023053,1890358,18540,238452
2000,Missouri,126.7368916,1831457,18540,244705.9
2001,Missouri,132.5327491,1864062,18540,243060.4
2002,Missouri,133.1795593,1878573,18540,247437.1
2003,Missouri,140.7037369,1883450,18540,252677.3
2004,Missouri,141.785756,1894079,18540,259741.4
2005,Missouri,144.4804976,1982290,18540,265735.1
2006,Missouri,143.1026765,1967681,18540,267221.1
2007,Missouri,141.6310059,1985695,18540,267691.2
2008,Missouri,138.3486672,1948878,18540,273436.2
2009,Missouri,132.0772669,1845179,18540,266834.9
2010,Missouri,136.9059297,1925762,18540,270732.9
2011,Missouri,136.7646692,1868093,18540,268533.8
2012,Missouri,129.0574843,1788529,18540,271535.1
2013,Missouri,133.9356033,1851509,18540,274599.3
2014,Missouri,133.4524354,1911681,18540,276080.7
2015,Missouri,124.7473311,1831407,18540,279020.8
2016,Missouri,119.0290248,1781656,18540,279109.2
2017,Missouri,124.4984895,1742207,18540,281253.3
2018,Missouri,124.7805316,1860863,18540,284540.3
2019,Missouri,116.985714,1805708,18540,290619.5
1997,Montana,29.88336338,367605,17730,29047
1998,Montana,32.07424249,391347,17730,30342.4
1999,Montana,32.83027153,395931,17730,30461.3
2000,Montana,31.77430438,410631,17730,31241.1
2001,Montana,32.0542268,357849,17730,31532.6
2002,Montana,31.02217536,381613,17730,32503.7
2003,Montana,33.17059281,379721,17730,33810.5
2004,Montana,34.82871925,401702,17730,35528.6
2005,Montana,35.87429197,422088,17730,37373.9
2006,Montana,36.0189187,441656,17730,38577.6
2007,Montana,38.0221096,469915,17730,40438.3
2008,Montana,37.22816301,456670,17730,40471.1
2009,Montana,33.13640832,427248,17730,39513.4
2010,Montana,34.95454944,405113,17730,40793.7
2011,Montana,32.05109624,404250,17730,41875.7
2012,Montana,30.76131173,397126,17730,42340.9
2013,Montana,32.12883944,406573,17730,42968.2
2014,Montana,32.57702083,405273,17730,43829.1
2015,Montana,32.53164542,403641,17730,45395.7
2016,Montana,31.14019242,406422,17730,44436.8
2017,Montana,31.24890983,422863,17730,45974.3
2018,Montana,31.25796736,436316,17730,46584.1
2019,Montana,32.28539515,445912,17730,46886.2
1997,Nebraska,40.91048289,658015,16270,70412.5
1998,Nebraska,42.92243048,674687,16270,72089.6
1999,Nebraska,41.72875012,664584,16270,73625.7
2000,Nebraska,41.67422891,667989,16270,76368.1
2001,Nebraska,42.90628036,664390,16270,78180.9
2002,Nebraska,42.35033072,675942,16270,79179.8
2003,Nebraska,43.63367957,685709,16270,83773.3
2004,Nebraska,43.4045607,697628,16270,85987.1
2005,Nebraska,43.78349542,704826,16270,89309.1
2006,Nebraska,44.29942901,721474,16270,91832.7
2007,Nebraska,44.61823262,757842,16270,93910.8
2008,Nebraska,46.64718514,796063,16270,93840.5
2009,Nebraska,47.30540373,778869,16270,93977.6
2010,Nebraska,50.00719367,867558,16270,97466.1
2011,Nebraska,52.44586554,863017,16270,102587.4
2012,Nebraska,50.62203313,852536,16270,102725.9
2013,Nebraska,53.46457905,871930,16270,104680
2014,Nebraska,52.15358826,878327,16270,107936.8
2015,Nebraska,50.71057586,857967,16270,111401.5
2016,Nebraska,48.35466784,870370,16270,112611.5
2017,Nebraska,47.87353924,873303,16270,114143.9
2018,Nebraska,52.35500953,909065,16270,116792.9
2019,Nebraska,50.47008377,907219,16270,118603.7
1997,Nevada,38.15516261,565909,20870,89895.1
1998,Nevada,40.82097867,583779,20870,94672.8
1999,Nevada,41.43200021,606179,20870,101394.7
2000,Nevada,45.63348708,625648,20870,105635.4
2001,Nevada,44.79773361,632925,20870,106635.3
2002,Nevada,41.68284626,626632,20870,110448.6
2003,Nevada,43.97217496,652216,20870,115275.4
2004,Nevada,48.09926794,685416,20870,127325.6
2005,Nevada,50.18246734,704993,20870,137508.8
2006,Nevada,41.68326955,744559,20870,142967.1
2007,Nevada,41.83735773,733156,20870,144107.1
2008,Nevada,40.96014281,697190,20870,139954.2
2009,Nevada,39.50634721,651371,20870,128241.3
2010,Nevada,41.39262823,698602,20870,129828.4
2011,Nevada,37.90986906,688542,20870,130697.9
2012,Nevada,37.92456409,685944,20870,129312.9
2013,Nevada,39.73668118,705255,20870,129720.9
2014,Nevada,40.55587899,708332,20870,130897.4
2015,Nevada,38.5171354,697627,20870,136347.4
2016,Nevada,39.97584203,727193,20870,140081.2
2017,Nevada,40.2043062,757955,20870,145485.5
2018,Nevada,41.38306985,776588,20870,150448
2019,Nevada,41.74259297,779141,20870,156959.1
1997,New Hampshire,16.50795269,279217,23870,48359.7
1998,New Hampshire,16.53006042,282000,23870,51538.7
1999,New Hampshire,16.69739741,292260,23870,53084.5
2000,New Hampshire,17.46945401,309761,23870,56779.4
2001,New Hampshire,16.95494965,306523,23870,57632.6
2002,New Hampshire,17.67382229,316339,23870,59474.6
2003,New Hampshire,21.03017322,325619,23870,61892.7
2004,New Hampshire,21.97412978,332094,23870,64408.6
2005,New Hampshire,21.25896493,326092,23870,65034.4
2006,New Hampshire,19.39843583,307906,23870,66628.2
2007,New Hampshire,19.18371771,309086,23870,66853.6
2008,New Hampshire,18.73392667,301470,23870,65854.1
2009,New Hampshire,17.08156836,297987,23870,65023.4
2010,New Hampshire,16.75118642,299071,23870,67125.8
2011,New Hampshire,16.35950312,296997,23870,67559.1
2012,New Hampshire,14.73056895,287927,23870,68498.1
2013,New Hampshire,14.44840171,306192,23870,69080.3
2014,New Hampshire,15.15474113,314337,23870,70213.7
2015,New Hampshire,15.27856723,316649,23870,72042.4
2016,New Hampshire,13.81445715,307290,23870,73572.2
2017,New Hampshire,13.51019171,317785,23870,73972.7
2018,New Hampshire,14.23973227,325655,23870,75433
2019,New Hampshire,13.9338009,319667,23870,76819.1
1997,New Jersey,125.4717027,2502229,20910,426002.8
1998,New Jersey,120.9328741,2459987,20910,433564
1999,New Jersey,124.2469922,2574689,20910,447872.1
2000,New Jersey,124.5724924,2483356,20910,471426.9
2001,New Jersey,121.3242861,2458369,20910,476616.7
2002,New Jersey,121.0259116,2491252,20910,484657.1
2003,New Jersey,123.515747,2520193,20910,494703.5
2004,New Jersey,126.0632296,2564646,20910,498245.2
2005,New Jersey,130.5946291,2659585,20910,507894.7
2006,New Jersey,123.0925081,2541964,20910,516681.4
2007,New Jersey,130.7819197,2666672,20910,520898.3
2008,New Jersey,128.2958367,2594326,20910,534501.4
2009,New Jersey,111.5038361,2372899,20910,506850.7
2010,New Jersey,105.5632284,2289793,20910,513917.9
2011,New Jersey,105.0245317,2278876,20910,507604
2012,New Jersey,98.97360088,2175477,20910,517195.9
2013,New Jersey,100.4223268,2219226,20910,523725.8
2014,New Jersey,104.8763089,2232255,20910,522166.4
2015,New Jersey,103.6600002,2183497,20910,529953.7
2016,New Jersey,105.6372969,2140838,20910,535055.3
2017,New Jersey,99.34628243,2089145,20910,537578.5
2018,New Jersey,105.0688845,2194123,20910,550059.5
2019,New Jersey,100.8319854,2098952,20910,559648.8
1997,New Mexico,55.83496127,644524,19400,67285.2
1998,New Mexico,55.38830184,636391,19400,66944
1999,New Mexico,56.30508683,640158,19400,70487.9
2000,New Mexico,58.26272033,662696,19400,71652.8
2001,New Mexico,58.38509407,661741,19400,71730.5
2002,New Mexico,55.48061311,659860,19400,73909.6
2003,New Mexico,57.8820914,661104,19400,76767.5
2004,New Mexico,58.9314071,685076,19400,83038.7
2005,New Mexico,59.49333623,685556,19400,84034.4
2006,New Mexico,60.3987859,692403,19400,86058.4
2007,New Mexico,59.02973578,715812,19400,86738.8
2008,New Mexico,56.79071789,677716,19400,86965.2
2009,New Mexico,57.73159251,644532,19400,88069.9
2010,New Mexico,53.90860481,653704,19400,87610.3
2011,New Mexico,56.27825149,671603,19400,87592.9
2012,New Mexico,54.18893091,669151,19400,87925.2
2013,New Mexico,53.75495295,672726,19400,86856.6
2014,New Mexico,50.59077188,681854,19400,88991.2
2015,New Mexico,50.69183199,681082,19400,89701.3
2016,New Mexico,48.84937454,673638,19400,89151.4
2017,New Mexico,49.61666564,684366,19400,88962.9
2018,New Mexico,45.85390881,703100,19400,90933.6
2019,New Mexico,48.94208108,738484,19400,94897.4
1997,New York,204.1593694,4013225,22910,977797.9
1998,New York,203.0503829,3939104,22910,997251.9
1999,New York,205.749182,4061179,22910,1051337.6
2000,New York,212.2298006,4138667,22910,1092188.2
2001,New York,207.9550591,4021813,22910,1112794.4
2002,New York,202.1793073,4031390,22910,1106150.8
2003,New York,213.0382777,4163547,22910,1110613.1
2004,New York,215.350291,4261836,22910,1144125.1
2005,New York,211.494697,4153203,22910,1168891.1
2006,New York,193.747192,3873253,22910,1199276.9
2007,New York,199.8991068,3958026,22910,1208564.6
2008,New York,190.0657234,3874882,22910,1190080.9
2009,New York,174.0624047,3698714,22910,1230672.3
2010,New York,185.0112269,3874609,22910,1277466.8
2011,New York,175.315608,3757112,22910,1279527.1
2012,New York,167.8919048,3583683,22910,1328233.5
2013,New York,169.0972458,3723107,22910,1329376.3
2014,New York,176.2095137,3840907,22910,1353410.4
2015,New York,174.3599244,3838544,22910,1373643
2016,New York,170.1742549,3768794,22910,1403230.5
2017,New York,165.8182959,3776092,22910,1419112.1
2018,New York,175.0969653,3946032,22910,1458382.4
2019,New York,168.9712856,3841948,22910,1500833.4
1997,North Carolina,142.3113117,2428449,19980,315648.2
1998,North Carolina,142.0734955,2474626,19980,326786.2
1999,North Carolina,140.7939431,2494294,19980,345457.6
2000,North Carolina,149.1291675,2612315,19980,356912.5
2001,North Carolina,144.2956016,2551460,19980,359617
2002,North Carolina,145.6504086,2575450,19980,364870.4
2003,North Carolina,147.2256196,2594352,19980,373987.6
2004,North Carolina,150.1731002,2668617,19980,389210.1
2005,North Carolina,154.1643848,2702238,19980,409003.9
2006,North Carolina,148.5694543,2650024,19980,434209.2
2007,North Carolina,154.4413283,2686309,19980,438960.1
2008,North Carolina,149.0377062,2698578,19980,450538
2009,North Carolina,132.9896665,2557020,19980,431955.3
2010,North Carolina,147.1663778,2756601,19980,437836.5
2011,North Carolina,132.644616,2630454,19980,443288.7
2012,North Carolina,124.4944803,2539545,19980,445095.3
2013,North Carolina,126.1870107,2558302,19980,452056.2
2014,North Carolina,129.2555311,2603078,19980,462253.1
2015,North Carolina,124.7782841,2595919,19980,475096.6
2016,North Carolina,124.9152888,2619589,19980,482968.9
2017,North Carolina,121.1424085,2575147,19980,495221.3
2018,North Carolina,124.2127343,2685032,19980,501564.9
2019,North Carolina,122.6043034,2656262,19980,512834.8
1997,North Dakota,47.61218143,359732,13730,22413.1
1998,North Dakota,48.82094391,347752,13730,23674.9
1999,North Dakota,49.87149139,375585,13730,23770.7
2000,North Dakota,51.32429143,381565,13730,24706
2001,North Dakota,52.00910334,407370,13730,24909.9
2002,North Dakota,51.8763388,401218,13730,26290.8
2003,North Dakota,51.64783895,400838,13730,27870.4
2004,North Dakota,50.07854649,404459,13730,28284.1
2005,North Dakota,53.04319108,409142,13730,29345.2
2006,North Dakota,51.2935746,416023,13730,30590.1
2007,North Dakota,53.03894156,437978,13730,32022.2
2008,North Dakota,53.42483642,444397,13730,34256.4
2009,North Dakota,51.98934283,435055,13730,35244.4
2010,North Dakota,52.82511603,473681,13730,37917.2
2011,North Dakota,54.30987944,525239,13730,42340.8
2012,North Dakota,56.68505777,549051,13730,51832.6
2013,North Dakota,57.24327707,591489,13730,52892.4
2014,North Dakota,59.27815542,640539,13730,57790
2015,North Dakota,57.9230603,608353,13730,56542.4
2016,North Dakota,54.93388598,583657,13730,52974.6
2017,North Dakota,56.91790515,633995,13730,54187.1
2018,North Dakota,59.282972,663153,13730,55914.2
2019,North Dakota,57.15288871,683875,13730,56385.4
1997,Ohio,261.340725,4180825,17930,471450.9
1998,Ohio,260.6961319,4080013,17930,487532.8
1999,Ohio,259.8838402,4245853,17930,499292.8
2000,Ohio,266.7497998,4273427,17930,509949.2
2001,Ohio,256.8974815,4010965,17930,502967.6
2002,Ohio,262.8275,3954608,17930,513215.5
2003,Ohio,270.7011492,4020593,17930,519939.4
2004,Ohio,265.8684649,4054624,17930,534064.6
2005,Ohio,271.9135114,4081429,17930,545968.7
2006,Ohio,265.2529039,3921591,17930,545504.1
2007,Ohio,271.3171378,4049462,17930,546729.3
2008,Ohio,264.7481868,3999756,17930,537124.1
2009,Ohio,239.6689964,3666516,17930,511076.5
2010,Ohio,247.1785697,3788343,17930,523979.4
2011,Ohio,235.1130414,3755039,17930,541180.2
2012,Ohio,214.9108716,3614913,17930,545740.1
2013,Ohio,228.0224976,3685457,17930,556210.5
2014,Ohio,229.7182981,3793308,17930,574177.9
2015,Ohio,211.1966253,3708157,17930,578852.4
2016,Ohio,205.3439141,3667777,17930,583946.4
2017,Ohio,205.0500981,3616508,17930,593636
2018,Ohio,208.9666748,3762435,17930,597925.5
2019,Ohio,196.6865897,3637669,17930,613251.4
1997,Oklahoma,98.57152505,1444227,16780,115088.5
1998,Oklahoma,97.1336826,1449160,16780,117596
1999,Oklahoma,96.19911332,1432209,16780,119685.4
2000,Oklahoma,100.1666605,1486799,16780,124227.6
2001,Oklahoma,101.4535926,1508230,16780,128891.2
2002,Oklahoma,101.6261352,1458526,16780,131293.3
2003,Oklahoma,104.1421701,1488461,16780,133417.2
2004,Oklahoma,99.69494904,1477461,16780,138096.8
2005,Oklahoma,106.4126902,1527097,16780,143471.1
2006,Oklahoma,109.1494704,1566694,16780,152857.7
2007,Oklahoma,109.4327957,1572521,16780,156219.5
2008,Oklahoma,111.97435,1582452,16780,162387
2009,Oklahoma,106.2246955,1492392,16780,160091.6
2010,Oklahoma,105.8412722,1579813,16780,160564.2
2011,Oklahoma,106.9435275,1577495,16780,166327.2
2012,Oklahoma,104.743356,1562808,16780,174874.4
2013,Oklahoma,102.9971625,1615766,16780,177698.9
2014,Oklahoma,104.4541701,1683025,16780,189360
2015,Oklahoma,100.2883311,1625556,16780,197071.9
2016,Oklahoma,96.10919527,1624919,16780,193025.1
2017,Oklahoma,93.43782294,1647508,16780,194017.2
2018,Oklahoma,98.01036447,1715294,16780,197453.2
2019,Oklahoma,90.83789996,1684997,16780,201161.5
1997,Oregon,35.87295622,1114830,18890,118360.3
1998,Oregon,41.62623693,1125373,18890,123994.7
1999,Oregon,43.1579239,1150420,18890,126739.2
2000,Oregon,41.53794413,1135473,18890,137400.6
2001,Oregon,40.63011045,1043441,18890,136166.1
2002,Oregon,39.09600153,1038744,18890,138932.5
2003,Oregon,39.78284681,1017177,18890,144802.8
2004,Oregon,40.71321128,1012896,18890,152001.1
2005,Oregon,41.06620952,1043015,18890,158163.4
2006,Oregon,40.28630412,1077542,18890,166107.2
2007,Oregon,43.67375746,1062797,18890,168975.1
2008,Oregon,42.58760985,1047201,18890,173598.5
2009,Oregon,40.79417266,1012819,18890,165527.2
2010,Oregon,40.613899,981828,18890,169234
2011,Oregon,37.04845981,1007150,18890,173831.7
2012,Oregon,36.73032972,978023,18890,174611
2013,Oregon,39.02572739,997269,18890,175933.8
2014,Oregon,37.84867548,993638,18890,181220.6
2015,Oregon,37.89416845,971766,18890,189946.5
2016,Oregon,37.67162243,988158,18890,198079.3
2017,Oregon,38.7866761,1041344,18890,205524
2018,Oregon,39.58013113,1021526,18890,214902.5
2019,Oregon,41.83917874,1027578,18890,219588
1997,Pennsylvania,276.8634933,3889569,19560,496658.9
1998,Pennsylvania,266.276911,3730912,19560,509550.8
1999,Pennsylvania,264.8862063,3770848,19560,524960.9
2000,Pennsylvania,278.503672,3942074,19560,538790.2
2001,Pennsylvania,265.0247971,3849655,19560,547260.9
2002,Pennsylvania,271.9408767,3911083,19560,555055.9
2003,Pennsylvania,276.275667,3961080,19560,568242.4
2004,Pennsylvania,279.2397403,4008376,19560,584328.3
2005,Pennsylvania,281.5652474,4035405,19560,594855.1
2006,Pennsylvania,275.6141881,3908856,19560,597219.2
2007,Pennsylvania,278.6410078,3963066,19560,617309.9
2008,Pennsylvania,269.9287864,3942348,19560,629807.9
2009,Pennsylvania,245.2514298,3625634,19560,610147.9
2010,Pennsylvania,256.086701,3755033,19560,627726.3
2011,Pennsylvania,249.7366169,3749993,19560,637114
2012,Pennsylvania,239.7642371,3642320,19560,647925.9
2013,Pennsylvania,249.5160279,3856209,19560,655929.2
2014,Pennsylvania,249.3796432,3983725,19560,669643.1
2015,Pennsylvania,232.9252268,3897610,19560,682466.1
2016,Pennsylvania,217.9978248,3762485,19560,688359.4
2017,Pennsylvania,215.2746599,3766880,19560,694866.6
2018,Pennsylvania,220.1938915,3933425,19560,704027.8
2019,Pennsylvania,218.7358219,3818814,19560,715060.7
1997,Rhode Island,13.56453835,217890,23120,40145.8
1998,Rhode Island,13.779589,226678,23120,41912.5
1999,Rhode Island,13.13529931,226813,23120,43144.9
2000,Rhode Island,11.76548107,205766,23120,45178.6
2001,Rhode Island,12.29158465,204161,23120,45749.8
2002,Rhode Island,11.71931252,203880,23120,47224.5
2003,Rhode Island,11.57276858,219115,23120,48571.1
2004,Rhode Island,10.97434889,216892,23120,50513.8
2005,Rhode Island,11.20339151,210046,23120,51369.7
2006,Rhode Island,10.52532907,200882,23120,52899.6
2007,Rhode Island,11.06577266,198332,23120,51469.1
2008,Rhode Island,10.6464136,194322,23120,50575.2
2009,Rhode Island,11.23820731,194853,23120,50004.3
2010,Rhode Island,10.99979655,195400,23120,51332.8
2011,Rhode Island,11.00685864,185485,23120,51279.6
2012,Rhode Island,10.48725006,183454,23120,51583
2013,Rhode Island,10.07518589,196882,23120,51910.8
2014,Rhode Island,10.53600952,203822,23120,52293.4
2015,Rhode Island,10.80452453,202693,23120,52819.1
2016,Rhode Island,9.590477678,185173,23120,52902.6
2017,Rhode Island,9.964469417,182325,23120,52691.8
2018,Rhode Island,11.05692381,195556,23120,52553.3
2019,Rhode Island,10.36524019,190581,23120,53411.4
1997,South Carolina,71.45161656,1514026,18260,134607.9
1998,South Carolina,74.97784661,1561047,18260,139526.3
1999,South Carolina,78.644115,1567482,18260,146104.4
2000,South Carolina,82.01351403,1614128,18260,150156.4
2001,South Carolina,80.41220434,1563023,18260,151015.9
2002,South Carolina,81.81502742,1601989,18260,155275.1
2003,South Carolina,82.7596155,1607731,18260,161269.3
2004,South Carolina,90.33701992,1712248,18260,164083.4
2005,South Carolina,88.60842268,1684154,18260,169488.5
2006,South Carolina,89.23173962,1693408,18260,173370.9
2007,South Carolina,89.39397561,1670947,18260,178474.6
2008,South Carolina,86.94760945,1637705,18260,176567.6
2009,South Carolina,82.0934433,1573712,18260,168851.8
2010,South Carolina,85.8650328,1665789,18260,172131
2011,South Carolina,81.16921115,1620820,18260,176083.2
2012,South Carolina,74.46869811,1572947,18260,177618.1
2013,South Carolina,70.2360598,1603130,18260,180881.6
2014,South Carolina,74.70700331,1644829,18260,185986.9
2015,South Carolina,73.39880613,1663373,18260,192019.9
2016,South Carolina,72.26900295,1658202,18260,198005.7
2017,South Carolina,69.95761419,1647778,18260,202512.4
2018,South Carolina,74.14674879,1675118,18260,207101.2
2019,South Carolina,69.44598066,1640751,18260,213237.8
1997,South Dakota,13.25073164,245398,16920,24951.2
1998,South Dakota,12.81419646,243915,16920,26440.4
1999,South Dakota,13.45318536,248864,16920,27463.4
2000,South Dakota,14.23050935,263270,16920,29386.1
2001,South Dakota,13.50328888,255811,16920,29455.2
2002,South Dakota,13.77095507,275235,16920,32784.9
2003,South Dakota,13.76889771,279620,16920,32979.1
2004,South Dakota,13.79368877,288818,16920,34269.6
2005,South Dakota,13.29503516,306348,16920,35842.2
2006,South Dakota,13.38739207,311156,16920,36350.8
2007,South Dakota,13.86159865,330884,16920,37755.9
2008,South Dakota,14.93818801,353531,16920,39080.8
2009,South Dakota,14.69335952,363091,16920,39987.3
2010,South Dakota,15.07819083,377425,16920,40369.6
2011,South Dakota,14.6114583,377851,16920,43049.5
2012,South Dakota,14.89015706,375687,16920,43901.5
2013,South Dakota,15.36184723,390488,16920,44147.4
2014,South Dakota,15.37992829,393913,16920,44846.5
2015,South Dakota,14.13943764,389999,16920,45664.5
2016,South Dakota,14.8057598,388097,16920,46076
2017,South Dakota,14.65427835,394141,16920,45775.8
2018,South Dakota,15.52399536,406677,16920,46300.3
2019,South Dakota,15.97796876,405954,16920,46650.5
1997,Tennessee,122.7750781,2036478,18330,210637.3
1998,Tennessee,122.0304888,2118307,18330,223711.3
1999,Tennessee,122.8603136,2163553,18330,230895.6
2000,Tennessee,128.7292126,2197309,18330,233732.2
2001,Tennessee,127.207316,2209605,18330,233362.5
2002,Tennessee,126.3659271,2235043,18330,240971.7
2003,Tennessee,125.1360669,2252846,18330,248993.8
2004,Tennessee,127.1636755,2282706,18330,260553.5
2005,Tennessee,128.2996325,2341365,18330,268391.7
2006,Tennessee,129.9198403,2332637,18330,274879.2
2007,Tennessee,129.0638943,2345223,18330,273224
2008,Tennessee,122.4963147,2283922,18330,274571.1
2009,Tennessee,101.9457378,2087485,18330,264737.1
2010,Tennessee,109.2666406,2251487,18330,268449.8
2011,Tennessee,105.5026073,2196993,18330,276898.3
2012,Tennessee,99.02528454,2081771,18330,286341.5
2013,Tennessee,97.26800356,2137403,18330,289794.6
2014,Tennessee,102.5197922,2205042,18330,294130.1
2015,Tennessee,98.70392565,2179722,18330,304484.2
2016,Tennessee,101.3689751,2207227,18330,310143.2
2017,Tennessee,97.40143552,2145679,18330,318963.9
2018,Tennessee,93.83598219,2233190,18330,323541.6
2019,Tennessee,92.23669942,2171765,18330,331176.6
1997,Texas,649.5406412,11984538,17460,870724.4
1998,Texas,656.3256135,12161299,17460,925556.7
1999,Texas,646.7847218,11788095,17460,961513.2
2000,Texas,672.9159033,12141592,17460,995661.2
2001,Texas,666.7468912,11942556,17460,1020537.8
2002,Texas,678.1676425,12241016,17460,1043566.9
2003,Texas,671.0589246,12028705,17460,1050609.4
2004,Texas,670.4819634,12074333,17460,1109477
2005,Texas,644.8686726,11539445,17460,1141373.7
2006,Texas,648.2267144,11677439,17460,1228547.3
2007,Texas,646.1198419,11779341,17460,1286192.7
2008,Texas,623.5634735,11263781,17460,1282088.7
2009,Texas,590.341874,10884452,17460,1277295.4
2010,Texas,615.4401557,11605812,17460,1309962.4
2011,Texas,634.9363639,11829075,17460,1353600.4
2012,Texas,627.0014314,11859784,17460,1421180.1
2013,Texas,657.7201197,12631931,17460,1484700.1
2014,Texas,661.8770066,12627593,17460,1529617.1
2015,Texas,655.1432269,12757827,17460,1605901.7
2016,Texas,656.8076472,12986076,17460,1619954.2
2017,Texas,664.9290442,13173303,17460,1659453.3
2018,Texas,684.6895943,14009870,17460,1728304
2019,Texas,683.2325698,14234096,17460,1779781.4
1997,Utah,61.12861623,684793,16660,80658.9
1998,Utah,63.57133241,707959,16660,85724.8
1999,Utah,62.45241554,699762,16660,89282
2000,Utah,65.40250099,744480,16660,92498.4
2001,Utah,63.18480724,713979,16660,93556.7
2002,Utah,62.56315818,693795,16660,95383.1
2003,Utah,63.54422621,704447,16660,97017.3
2004,Utah,65.95774237,735427,16660,102846.7
2005,Utah,67.52432996,762159,16660,110046.4
2006,Utah,68.75500319,779275,16660,118482.3
2007,Utah,70.7043886,781023,16660,123835.3
2008,Utah,69.78539608,768036,16660,124225.5
2009,Utah,65.08246445,742250,16660,121431.4
2010,Utah,64.00539403,753018,16660,123902.2
2011,Utah,64.45683954,790554,16660,127992.5
2012,Utah,61.63672855,786086,16660,129512.5
2013,Utah,66.47861148,822394,16660,133112.9
2014,Utah,65.27889353,795029,16660,136993.7
2015,Utah,63.61302159,798313,16660,141720.5
2016,Utah,58.8300911,807711,16660,147962.3
2017,Utah,59.02796122,827453,16660,154758.3
2018,Utah,61.24871623,844319,16660,164622.1
2019,Utah,61.50322731,855124,16660,172038.4
1997,Vermont,6.494227231,145799,24200,20049.4
1998,Vermont,6.251809594,137296,24200,20678
1999,Vermont,6.510928362,135030,24200,21830.2
2000,Vermont,6.784392302,148507,24200,23016.8
2001,Vermont,6.623869876,148858,24200,23752.4
2002,Vermont,6.361000659,149732,24200,24570.1
2003,Vermont,6.665843444,152335,24200,25464.9
2004,Vermont,7.073301847,162653,24200,26855.2
2005,Vermont,6.816480613,161183,24200,26995.6
2006,Vermont,6.678783936,157716,24200,27128.8
2007,Vermont,6.511117992,154815,24200,26886.7
2008,Vermont,5.927546462,146384,24200,27758.4
2009,Vermont,6.189207157,156687,24200,27222
2010,Vermont,5.87724314,155696,24200,28403.7
2011,Vermont,5.812433764,151656,24200,29013.5
2012,Vermont,5.453460108,129511,24200,29241.3
2013,Vermont,5.729501593,137377,24200,28681.5
2014,Vermont,5.890747663,140379,24200,28912.2
2015,Vermont,6.126831312,140546,24200,29119
2016,Vermont,5.914764629,135276,24200,29408.1
2017,Vermont,5.830030878,134076,24200,29490.6
2018,Vermont,5.854279866,138642,24200,29602.2
2019,Vermont,6.020390617,136905,24200,29940.7
1997,Virginia,110.0014992,2219906,18910,298922.3
1998,Virginia,111.8738105,2245041,18910,315091
1999,Virginia,113.9357688,2308982,18910,332373.3
2000,Virginia,123.3099721,2405827,18910,348327
2001,Virginia,120.8253409,2337547,18910,360601.1
2002,Virginia,119.338218,2370458,18910,364932.4
2003,Virginia,124.1084047,2442514,18910,377723.8
2004,Virginia,127.7295453,2567450,18910,392941.3
2005,Virginia,129.3996338,2642157,18910,412084.6
2006,Virginia,123.0108356,2581074,18910,419870.6
2007,Virginia,128.1822783,2643190,18910,424939.5
2008,Virginia,116.7610679,2544221,18910,431216.7
2009,Virginia,105.9055815,2429456,18910,427648.9
2010,Virginia,111.8865198,2532435,18910,441242.4
2011,Virginia,102.5193306,2424571,18910,444288
2012,Virginia,98.56243339,2359905,18910,445973.6
2013,Virginia,105.7666127,2428477,18910,449063.8
2014,Virginia,107.4418995,2484858,18910,447678.1
2015,Virginia,107.6199041,2440821,18910,455162.4
2016,Virginia,110.0808101,2420341,18910,459965.8
2017,Virginia,105.5772025,2401427,18910,467362
2018,Virginia,110.0554883,2501044,18910,477915.2
2019,Virginia,106.76702,2460902,18910,489199.1
1997,Washington,79.46363504,2149761,18110,271270.7
1998,Washington,84.21177485,2229278,18110,288206.9
1999,Washington,85.67113487,2316863,18110,308949.5
2000,Washington,84.33528681,2248092,18110,311209.9
2001,Washington,79.62744321,2029311,18110,303673.8
2002,Washington,73.33451304,1876320,18110,307583.2
2003,Washington,75.7433827,1880774,18110,312556.4
2004,Washington,77.64451126,1943207,18110,319848.9
2005,Washington,79.15901515,1977992,18110,340428
2006,Washington,77.00726908,2084284,18110,353263.5
2007,Washington,82.13101663,2049914,18110,373180.6
2008,Washington,79.20533757,2041958,18110,381289.9
2009,Washington,76.89549071,2031913,18110,370136.6
2010,Washington,73.35008638,2007894,18110,380989.5
2011,Washington,68.89569559,2051660,18110,387745.2
2012,Washington,67.87793545,2011343,18110,400530.6
2013,Washington,73.83028872,2035649,18110,410873.9
2014,Washington,72.46883274,2008907,18110,424467.6
2015,Washington,75.13711456,1995985,18110,441952.1
2016,Washington,79.41527718,2056396,18110,458263.8
2017,Washington,79.11315175,2075340,18110,482007
2018,Washington,78.65855426,2054390,18110,515029.1
2019,Washington,84.16948233,2078663,18110,533150.4
1997,West Virginia,111.1523346,707259,17090,58934.3
1998,West Virginia,115.3035086,734561,17090,59847.4
1999,West Virginia,116.4519112,717413,17090,61783.9
2000,West Virginia,115.7165996,736985,17090,61665.7
2001,West Virginia,105.6595907,730823,17090,61818.6
2002,West Virginia,118.6676546,755537,17090,62834.1
2003,West Virginia,115.3957424,711812,17090,63145.5
2004,West Virginia,112.6848927,734849,17090,64159.8
2005,West Virginia,114.6797085,737053,17090,65678.4
2006,West Virginia,114.8092817,760310,17090,66861.4
2007,West Virginia,117.0130112,789826,17090,67119.1
2008,West Virginia,112.7340939,776230,17090,68483.9
2009,West Virginia,90.13880557,706207,17090,68191.8
2010,West Virginia,100.5729681,751538,17090,69153.5
2011,West Virginia,97.8876137,738406,17090,70361.3
2012,West Virginia,92.14814892,731013,17090,70322.2
2013,West Virginia,94.29774468,751321,17090,70550.1
2014,West Virginia,99.88296203,781076,17090,70532.5
2015,West Virginia,91.96307825,768657,17090,70663
2016,West Virginia,94.49232139,762366,17090,70011.4
2017,West Virginia,90.83882364,753016,17090,71425.6
2018,West Virginia,89.14479553,831311,17090,73170.4
2019,West Virginia,85.44599619,829454,17090,72633.4
1997,Wisconsin,103.1271564,1771900,18220,209111.7
1998,Wisconsin,101.0829652,1751166,18220,216955.9
1999,Wisconsin,105.4167672,1846061,18220,225783.7
2000,Wisconsin,107.7958233,1878161,18220,232411.7
2001,Wisconsin,105.8945127,1853341,18220,236088.7
2002,Wisconsin,107.150727,1894797,18220,240543.3
2003,Wisconsin,105.5934465,1868851,18220,247766.1
2004,Wisconsin,107.7574899,1892938,18220,256167.4
2005,Wisconsin,110.9556332,1959179,18220,263698.6
2006,Wisconsin,103.1424793,1867717,18220,268246.4
2007,Wisconsin,104.8063597,1902607,18220,269933.6
2008,Wisconsin,105.2730413,1895118,18220,266626.9
2009,Wisconsin,96.40894874,1764015,18220,258761.2
2010,Wisconsin,99.02591698,1809801,18220,266830.8
2011,Wisconsin,98.20132306,1797383,18220,272813.2
2012,Wisconsin,90.86407797,1738007,18220,277107.1
2013,Wisconsin,101.2932671,1833111,18220,278015
2014,Wisconsin,101.2145266,1889496,18220,283981.1
2015,Wisconsin,99.85701526,1814408,18220,289077
2016,Wisconsin,95.62614309,1801012,18220,291920.3
2017,Wisconsin,98.6378726,1817947,18220,291922.7
2018,Wisconsin,101.1727696,1896601,18220,299062.6
2019,Wisconsin,94.82242355,1847846,18220,303669
1997,Wyoming,59.05985389,414704,15160,24960.3
1998,Wyoming,63.96049572,420795,15160,25530.4
1999,Wyoming,62.53898861,425120,15160,26597.7
2000,Wyoming,63.47477812,427791,15160,27435
2001,Wyoming,63.71491912,438258,15160,29130.5
2002,Wyoming,62.49416673,438549,15160,29777.1
2003,Wyoming,64.48204246,461215,15160,30673.2
2004,Wyoming,64.42057655,450647,15160,31695.7
2005,Wyoming,63.71635844,456839,15160,33484
2006,Wyoming,64.48468195,478077,15160,37813.4
2007,Wyoming,66.83113739,523640,15160,40632.2
2008,Wyoming,67.23501009,538379,15160,42868.2
2009,Wyoming,64.05377194,524122,15160,41546.4
2010,Wyoming,65.62389133,541026,15160,40056.6
2011,Wyoming,64.47145043,557822,15160,39767.9
2012,Wyoming,66.74917084,551037,15160,38855.4
2013,Wyoming,68.94861414,539997,15160,38849.6
2014,Wyoming,65.92877902,536312,15160,39559.4
2015,Wyoming,64.09286316,507121,15160,40418.2
2016,Wyoming,61.26152295,504984,15160,38188.7
2017,Wyoming,62.79352431,534840,15160,37521.6
2018,Wyoming,63.84608066,557604,15160,38080.1
2019,Wyoming,59.09664881,546671,15160,38446.6
